0,1,2,3,4,5,6,7,8,9,10,11,12,13,14,15,16,17,18,19,20
Bureau of Justice Statistics,,,,,,,,,,,,,,,,,,,,
Filename: cp16sbat01.csv,,,,,,,,,,,,,,,,,,,,
"Appendix table 1. Capital offenses, by state, 2016",,,,,,,,,,,,,,,,,,,,
"Report title: Capital Punishment, 2016 - Statistical Brief NCJ 251430",,,,,,,,,,,,,,,,,,,,
"Data source: National Prisoner Statistics program (NPS-8), 2016",,,,,,,,,,,,,,,,,,,,
"Authors: Elizabeth Davis and Tracy L. Snell, BJS Statisticians",,,,,,,,,,,,,,,,,,,,
Refer questions to: askbjs@usdoj.gov or (202) 307-0765,,,,,,,,,,,,,,,,,,,,
Date of version: 4/30/2018,,,,,,,,,,,,,,,,,,,,
,,,,,,,,,,,,,,,,,,,,
"Appendix table 1. Capital offenses, by state, 2016",,,,,,,,,,,,,,,,,,,,
State,Offenses,,,,,,,,,,,,,,,,,,,
Alabama,Intentional murder (Ala. Stat. Ann. 13A-5-40(a)(1)-(18)) with 10 aggravating factors (Ala. Stat. Ann. 13A-5-49).,,,,,,,,,,,,,,,,,,,
Arizona,"First-degree murder, including premeditated murder and felony murder, accompanied by at least 1 of 14 aggravating factors (A.R.S. § 13-703(F)).",,,,,,,,,,,,,,,,,,,
Arkansas,Capital murder (Ark. Code Ann. § 5-10-101) with a finding of at least 1 of 10 aggravating circumstances; treason (Ark. Code Ann. § 5-51-201).,,,,,,,,,,,,,,,,,,,
California,First-degree murder with special circumstances; military sabotage; death in the course of train wrecking; treason; perjury resulting in execution of an innocent person; fatal assault by a prisoner serving a life sentence.,,,,,,,,,,,,,,,,,,,
Colorado,First-degree murder with at least 1 of 17 aggravating factors; first-degree kidnapping resulting in death; treason. ,,,,,,,,,,,,,,,,,,,
Delaware,First-degree murder (11 Del. C. § 636) with at least one statutory aggravating circumstance (11 Del. C. § 4209).,,,,,,,,,,,,,,,,,,,
Florida,First-degree murder with aggravating factors; felony murder.,,,,,,,,,,,,,,,,,,,
Georgia,"Murder with aggravating circumstances; rape, armed robbery, or kidnapping with bodily injury or ransom when the victim dies; aircraft hijacking; treason (O.C.G.A. § 17-10-30).",,,,,,,,,,,,,,,,,,,
Idaho,First-degree murder with aggravating factors; first-degree kidnapping; perjury resulting in the execution of an innocent person.,,,,,,,,,,,,,,,,,,,
Indiana,Murder with 18 aggravating circumstances (I.C. 35-50-2-9).,,,,,,,,,,,,,,,,,,,
Kansas,Intentional and premeditated killing of a person in one or more of seven different circumstances (K.S.A. 21-5401).,,,,,,,,,,,,,,,,,,,
Kentucky,Capital murder with the presence of at least one statutory aggravating circumstance; capital kidnapping (K.R.S. 532.025).,,,,,,,,,,,,,,,,,,,
Louisiana,First-degree murder with aggravating circumstances (La. R.S. 14:30); treason (La. R.S. 14:113).,,,,,,,,,,,,,,,,,,,
Mississippi,Capital murder with aggravating circumstances (Miss. Code Ann. § 97-3-19(2)); aircraft piracy (Miss. Code Ann. § 97-25-55(1)).,,,,,,,,,,,,,,,,,,,
Missouri,First-degree murder with at least 1 statutory aggravating circumstance (565.020 R.S.M.O. 2000).,,,,,,,,,,,,,,,,,,,
Montana,Capital murder with one of nine aggravating circumstances (Mont. Code Ann. § 46-18-303); aggravated kidnapping; felony murder; capital sexual intercourse without consent (Mont. Code Ann. § 45-5-503).,,,,,,,,,,,,,,,,,,,
Nebraska,First-degree murder with a finding of one or more statutory aggravating circumstances.,,,,,,,,,,,,,,,,,,,
Nevada,"First-degree murder with at least 1 of 15 aggravating circumstances (N.R.S. 200.030, 200.033, 200.035).",,,,,,,,,,,,,,,,,,,
New Hampshire,"Murder committed in the course of rape, kidnapping, drug crimes, or home invasion; killing of a police officer, judge, or prosecutor; murder for hire; murder by an inmate while serving a sentence of life without parole (R.S.A. 630:1, R.S.A. 630:5). ",,,,,,,,,,,,,,,,,,,
New Mexico/a,First-degree murder with at least one of seven aggravating factors (N.M.S.A. 1978 § 31-20A-5).,,,,,,,,,,,,,,,,,,,
New York/b,First-degree murder with 1 of 13 aggravating factors (NY Penal Law §125.27).,,,,,,,,,,,,,,,,,,,
North Carolina,First-degree murder (N.C.G.S. §14-17) with the finding of at least 1 of 11 statutory aggravating circumstances (N.C.G.S. § 15A-2000).,,,,,,,,,,,,,,,,,,,
Ohio,"Aggravated murder with at least 1 of 10 aggravating circumstances (O.R.C. 2903.01, 2929.02, and 2929.04).",,,,,,,,,,,,,,,,,,,
Oklahoma,First-degree murder in conjunction with a finding of at least one of eight statutorily defined aggravating circumstances.,,,,,,,,,,,,,,,,,,,
Oregon,Aggravated murder (O.R.S. 163.095).,,,,,,,,,,,,,,,,,,,
Pennsylvania,First-degree murder with 18 aggravating circumstances.,,,,,,,,,,,,,,,,,,,
South Carolina,Murder with at least 1 of 12 aggravating circumstances (§ 16-3-20(C)(a)).,,,,,,,,,,,,,,,,,,,
South Dakota,First-degree murder with 1 of 10 aggravating circumstances (S.D.C.L. 23A-27A-1).,,,,,,,,,,,,,,,,,,,
Tennessee,First-degree murder (Tenn. Code Ann. § 39-13-202) with 1 of 15 aggravating circumstances (Tenn. Code Ann. § 39-13-204).,,,,,,,,,,,,,,,,,,,
Texas,Criminal homicide with one of nine aggravating circumstances (Tex. Penal Code § 19.03).,,,,,,,,,,,,,,,,,,,
Utah,Aggravated murder (Utah Code Ann. § 76-5-202).,,,,,,,,,,,,,,,,,,,
Virginia,Pre-meditated murder with 1 of 15 aggravating circumstances (VA Code § 18.2-31(1-15)).,,,,,,,,,,,,,,,,,,,
Washington,Aggravated first-degree murder.,,,,,,,,,,,,,,,,,,,
Wyoming,"First-degree murder; murder during the commission of sexual assault, sexual abuse of a minor, arson, robbery, burglary, escape, resisting arrest, kidnapping, or abuse of a minor under 16 (W.S.A. § 6-2-101(a)).",,,,,,,,,,,,,,,,,,,
"a/New Mexico enacted a prospective appeal of its capital statute as of July 1, 2009. Offenders who committed capital offenses prior to that date are eligible for the death penalty.",,,,,,,,,,,,,,,,,,,,
"b/The New York Court of Appeals has held that a portion of New York’s death penalty sentencing statute (C.P.L. 400.27) was unconstitutional (People v. Taylor, 9 N.Y.3d 129 (2007)). No legislative action has been taken to amend the statute. As a result, capital cases are no longer pursued in New York.",,,,,,,,,,,,,,,,,,,,
"Source: Bureau of Justice Statistics, National Prisoner Statistics program (NPS-8), 2016.",,,,,,,,,,,,,,,,,,,,
Bureau of Justice Statistics,,,,,,,,,,,,,,,,,,,,
Filename: cp16sbat02.csv,,,,,,,,,,,,,,,,,,,,
"Appendix table 2. Federal capital offenses, 2016",,,,,,,,,,,,,,,,,,,,
"Report title: Capital Punishment, 2016 - Statistical Brief NCJ 251430",,,,,,,,,,,,,,,,,,,,
"Data source: National Prisoner Statistics program (NPS-8), 2016",,,,,,,,,,,,,,,,,,,,
"Authors: Elizabeth Davis and Tracy L. Snell, BJS Statisticians",,,,,,,,,,,,,,,,,,,,
Refer questions to: askbjs@usdoj.gov or (202) 307-0765,,,,,,,,,,,,,,,,,,,,
Date of version: 4/30/2018,,,,,,,,,,,,,,,,,,,,
,,,,,,,,,,,,,,,,,,,,
"Appendix table 2. Federal capital offenses, 2016",,,,,,,,,,,,,,,,,,,,
Statute,Description,,,,,,,,,,,,,,,,,,,
8 U.S.C. 1342 ,Murder related to the smuggling of aliens.,,,,,,,,,,,,,,,,,,,
18 U.S.C. 32-34,"Destruction of aircraft, motor vehicles, or related facilities resulting in death. ",,,,,,,,,,,,,,,,,,,
18 U.S.C. 36,Murder committed during a drug-related drive-by shooting. ,,,,,,,,,,,,,,,,,,,
18 U.S.C. 37,Murder committed at an airport serving international civil aviation.,,,,,,,,,,,,,,,,,,,
18 U.S.C. 115(b)(3) [by cross-reference to 18 U.S.C. 1111],Retaliatory murder of a member of the immediate family of law enforcement officials.,,,,,,,,,,,,,,,,,,,
"18 U.S.C. 241, 242, 245, 247",Civil rights offenses resulting in death. ,,,,,,,,,,,,,,,,,,,
18 U.S.C. 351 [by cross-reference to 18 U.S.C. 1111],"Murder of a member of Congress, an important executive official, or a Supreme Court Justice.",,,,,,,,,,,,,,,,,,,
18 U.S.C. 794,Espionage.,,,,,,,,,,,,,,,,,,,
"18 U.S.C. 844(d), (f), (i)","Death resulting from offenses involving transportation of explosives, destruction of government property, or destruction of property related to foreign or interstate commerce. ",,,,,,,,,,,,,,,,,,,
18 U.S.C. 924(i),Murder committed by the use of a firearm during a crime of violence or a drug-trafficking crime.,,,,,,,,,,,,,,,,,,,
18 U.S.C. 930,Murder committed in a federal government facility.,,,,,,,,,,,,,,,,,,,
18 U.S.C. 1091,Genocide.,,,,,,,,,,,,,,,,,,,
18 U.S.C. 1111,First-degree murder.,,,,,,,,,,,,,,,,,,,
18 U.S.C. 1114,Murder of a federal judge or law enforcement official.,,,,,,,,,,,,,,,,,,,
18 U.S.C. 1116,Murder of a foreign official.,,,,,,,,,,,,,,,,,,,
18 U.S.C. 1118,Murder by a federal prisoner.,,,,,,,,,,,,,,,,,,,
18 U.S.C. 1119,Murder of a U.S. national in a foreign country.,,,,,,,,,,,,,,,,,,,
18 U.S.C. 1120,Murder by an escaped federal prisoner already sentenced to life imprisonment.,,,,,,,,,,,,,,,,,,,
18 U.S.C. 1121,Murder of a state or local law enforcement official or other person aiding in a federal investigation; murder of a state correctional officer.,,,,,,,,,,,,,,,,,,,
18 U.S.C. 1201,Murder during a kidnapping.,,,,,,,,,,,,,,,,,,,
18 U.S.C. 1203,Murder during a hostage taking.,,,,,,,,,,,,,,,,,,,
18 U.S.C. 1503,Murder of a court officer or juror.,,,,,,,,,,,,,,,,,,,
18 U.S.C. 1512,"Murder with the intent of preventing testimony by a witness, victim, or informant.",,,,,,,,,,,,,,,,,,,
18 U.S.C. 1513,"Retaliatory murder of a witness, victim, or informant.",,,,,,,,,,,,,,,,,,,
18 U.S.C. 1716,Mailing of injurious articles with intent to kill or resulting in death.,,,,,,,,,,,,,,,,,,,
18 U.S.C. 1751 [by cross-reference to 18 U.S.C. 1111],Assassination or kidnapping resulting in the death of the President or Vice President.,,,,,,,,,,,,,,,,,,,
18 U.S.C. 1958,Murder for hire.,,,,,,,,,,,,,,,,,,,
18 U.S.C. 1959,Murder involved in a racketeering offense.,,,,,,,,,,,,,,,,,,,
18 U.S.C. 1992,Willful wrecking of a train resulting in death.,,,,,,,,,,,,,,,,,,,
18 U.S.C. 2113,Bank robbery-related murder or kidnapping.,,,,,,,,,,,,,,,,,,,
18 U.S.C. 2119,Murder related to a carjacking.,,,,,,,,,,,,,,,,,,,
18 U.S.C. 2245,Murder related to rape or child molestation.,,,,,,,,,,,,,,,,,,,
18 U.S.C. 2251,Murder related to sexual exploitation of children.,,,,,,,,,,,,,,,,,,,
18 U.S.C. 2280,Murder committed during an offense against maritime navigation.,,,,,,,,,,,,,,,,,,,
18 U.S.C. 2281,Murder committed during an offense against a maritime fixed platform.,,,,,,,,,,,,,,,,,,,
18 U.S.C. 2332,Terrorist murder of a U.S. national in another country.,,,,,,,,,,,,,,,,,,,
18 U.S.C. 2332a,Murder by the use of a weapon of mass destruction.,,,,,,,,,,,,,,,,,,,
18 U.S.C. 2340,Murder involving torture.,,,,,,,,,,,,,,,,,,,
18 U.S.C. 2381,Treason.,,,,,,,,,,,,,,,,,,,
21 U.S.C. 848(e),"Murder related to a continuing criminal enterprise or related murder of a federal, state, or local law enforcement officer.",,,,,,,,,,,,,,,,,,,
49 U.S.C. 1472-1473,Death resulting from aircraft hijacking.,,,,,,,,,,,,,,,,,,,
"Source: Bureau of Justice Statistics, National Prisoner Statistics program (NPS-8), 2016.",,,,,,,,,,,,,,,,,,,,
Bureau of Justice Statistics,,,,,,,,,,,,,,,,,,,,
Filename: cp16sbat03.csv,,,,,,,,,,,,,,,,,,,,
"Appendix table 3. Authorized methods of execution, by state, 2016",,,,,,,,,,,,,,,,,,,,
"Report title: Capital Punishment, 2016 - Statistical Brief NCJ 251430",,,,,,,,,,,,,,,,,,,,
"Data source: National Prisoner Statistics program (NPS-8), 2016",,,,,,,,,,,,,,,,,,,,
"Authors: Elizabeth Davis and Tracy L. Snell, BJS Statisticians",,,,,,,,,,,,,,,,,,,,
Refer questions to: askbjs@usdoj.gov or (202) 307-0765,,,,,,,,,,,,,,,,,,,,
Date of version: 4/30/2018,,,,,,,,,,,,,,,,,,,,
,,,,,,,,,,,,,,,,,,,,
"Appendix table 3. Authorized methods of execution, by state, 2016",,,,,,,,,,,,,,,,,,,,
Jurisdiction,,Lethal injection,Electrocution,Lethal gas ,Hanging,Firing squad,Nitrogen hypoxia,,,,,,,,,,,,,
,Total,34,8,3,3,2,1,,,,,,,,,,,,,
Alabama,,X,X,,,,,,,,,,,,,,,,,
Arizona/a,,X,,X,,,,,,,,,,,,,,,,
Arkansas/b,,X,X,,,,,,,,,,,,,,,,,
California,,X,,,,,,,,,,,,,,,,,,
Colorado,,X,,,,,,,,,,,,,,,,,,
Delaware/c,,X,,,X,,,,,,,,,,,,,,,
Florida,,X,X,,,,,,,,,,,,,,,,,
Georgia,,X,,,,,,,,,,,,,,,,,,
Idaho,,X,,,,,,,,,,,,,,,,,,
Indiana,,X,,,,,,,,,,,,,,,,,,
Kansas,,X,,,,,,,,,,,,,,,,,,
Kentucky/d,,X,X,,,,,,,,,,,,,,,,,
Louisiana,,X,,,,,,,,,,,,,,,,,,
Mississippi,,X,,,,,,,,,,,,,,,,,,
Missouri,,X,,X,,,,,,,,,,,,,,,,
Montana,,X,,,,,,,,,,,,,,,,,,
Nebraska,,X,,,,,,,,,,,,,,,,,,
Nevada,,X,,,,,,,,,,,,,,,,,,
New Hampshire/e,,X,,,X,,,,,,,,,,,,,,,
New Mexico/f,,X,,,,,,,,,,,,,,,,,,
New York,,X,,,,,,,,,,,,,,,,,,
North Carolina,,X,,,,,,,,,,,,,,,,,,
Ohio,,X,,,,,,,,,,,,,,,,,,
Oklahoma/g,,X,X,,,X,X,,,,,,,,,,,,,
Oregon,,X,,,,,,,,,,,,,,,,,,
Pennsylvania,,X,,,,,,,,,,,,,,,,,,
South Carolina,,X,X,,,,,,,,,,,,,,,,,
South Dakota,,X,,,,,,,,,,,,,,,,,,
Tennessee/h,,X,X,,,,,,,,,,,,,,,,,
Texas,,X,,,,,,,,,,,,,,,,,,
Utah/i,,X,,,,X,,,,,,,,,,,,,,
Virginia,,X,X,,,,,,,,,,,,,,,,,
Washington,,X,,,X,,,,,,,,,,,,,,,
Wyoming/j,,X,,X,,,,,,,,,,,,,,,,
"Note: The method of execution of federal prisoners is lethal injection, pursuant to 28 C.F.R. Part 26. For offenses prosecuted under the Violent Crime Control and Law Enforcement Act of 1994, the execution method is that of the state in which the conviction took place (18 U.S.C. 3596).",,,,,,,,,,,,,,,,,,,,
"a/Authorizes lethal injection for persons sentenced after November 23,1992; inmates sentenced before that date may select lethal injection or gas.",,,,,,,,,,,,,,,,,,,,
"b/Authorizes lethal injection for those whose offense occurred on or after July 4, 1983; inmates whose offense occurred before that date may select lethal injection or electrocution. Electrocution is the authorized method of use if lethal injection is invalidated by an unappealable court order.",,,,,,,,,,,,,,,,,,,,
c/Authorizes hanging if lethal injection is held to be unconstitutional by a court of competent jurisdiction.,,,,,,,,,,,,,,,,,,,,
"d/Authorizes lethal injection for persons sentenced on or after March 31, 1998; inmates sentenced before that date may select lethal injection or electrocution.",,,,,,,,,,,,,,,,,,,,
e/Authorizes hanging only if lethal injection cannot be given.,,,,,,,,,,,,,,,,,,,,
"f/Authorizes lethal injection for those whose capital offense occurred prior to July 1, 2009.",,,,,,,,,,,,,,,,,,,,
"g/Authorizes nitrogen hypoxia if lethal injection is held to be unconstitutional, electrocution if both lethal injection and nitrogen hypoxia are held to be unconstitutional, and firing squad if all other methods are held to be unconstitutional.",,,,,,,,,,,,,,,,,,,,
"h/Authorizes lethal injection for those whose capital offense occurred after December 31, 1998; inmates whose offense occurred before that date may select electrocution by written waiver. Electrocution is the authorized method if a court or the commissioner of corrections determines that lethal injection cannot be given.",,,,,,,,,,,,,,,,,,,,
"i/Authorizes firing squad if lethal injection is held unconstitutional. Inmates who selected execution by firing squad prior to May 3, 2004, may still be entitled to execution by that method.",,,,,,,,,,,,,,,,,,,,
j/Authorizes lethal gas if lethal injection is held to be unconstitutional.,,,,,,,,,,,,,,,,,,,,
"Source: Bureau of Justice Statistics, National Prisoner Statistics program (NPS-8), 2016.",,,,,,,,,,,,,,,,,,,,
Bureau of Justice Statistics,,,,,,,,,,,,,,,,,,,,
Filename: cp16sbat04.csv,,,,,,,,,,,,,,,,,,,,
"Appendix table 4. Numbers for figure 1: Number of prisoners under sentence of death, 1953–2016",,,,,,,,,,,,,,,,,,,,
"Report title: Capital Punishment, 2016 - Statistical Brief NCJ 251430",,,,,,,,,,,,,,,,,,,,
"Data source: National Prisoner Statistics program (NPS-8), 2016",,,,,,,,,,,,,,,,,,,,
"Authors: Elizabeth Davis and Tracy L. Snell, BJS Statisticians",,,,,,,,,,,,,,,,,,,,
Refer questions to: askbjs@usdoj.gov or (202) 307-0765,,,,,,,,,,,,,,,,,,,,
Date of version: 4/30/2018,,,,,,,,,,,,,,,,,,,,
 ,,,,,,,,,,,,,,,,,,,,
"Appendix table 4. Numbers for figure 1: Number of prisoners under sentence of death, 1953–2016",,,,,,,,,,,,,,,,,,,,
Year,Number,,Year,Number,,,,,,,,,,,,,,,,
1953,131,,1985,"1,575",,,,,,,,,,,,,,,,
1954,147,,1986,"1,800",,,,,,,,,,,,,,,,
1955,125,,1987,"1,967",,,,,,,,,,,,,,,,
1956,146,,1988,"2,117",,,,,,,,,,,,,,,,
1957,151,,1989,"2,243",,,,,,,,,,,,,,,,
1958,147,,1990,"2,346",,,,,,,,,,,,,,,,
1959,164,,1991,"2,465",,,,,,,,,,,,,,,,
1960,212,,1992,"2,580",,,,,,,,,,,,,,,,
1961,257,,1993,"2,727",,,,,,,,,,,,,,,,
1962,267,,1994,"2,905",,,,,,,,,,,,,,,,
1963,297,,1995,"3,064",,,,,,,,,,,,,,,,
1964,315,,1996,"3,242",,,,,,,,,,,,,,,,
1965,331,,1997,"3,328",,,,,,,,,,,,,,,,
1966,406,,1998,"3,465",,,,,,,,,,,,,,,,
1967,435,,1999,"3,527",,,,,,,,,,,,,,,,
1968,517,,2000,"3,601",,,,,,,,,,,,,,,,
1969,575,,2001,"3,577",,,,,,,,,,,,,,,,
1970,631,,2002,"3,562",,,,,,,,,,,,,,,,
1971,642,,2003,"3,377",,,,,,,,,,,,,,,,
1972,334,,2004,"3,320",,,,,,,,,,,,,,,,
1973,134,,2005,"3,245",,,,,,,,,,,,,,,,
1974,244,,2006,"3,228",,,,,,,,,,,,,,,,
1975,488,,2007,"3,215",,,,,,,,,,,,,,,,
1976,420,,2008,"3,210",,,,,,,,,,,,,,,,
1977,423,,2009,"3,173",,,,,,,,,,,,,,,,
1978,482,,2010,"3,139",,,,,,,,,,,,,,,,
1979,593,,2011,"3,065",,,,,,,,,,,,,,,,
1980,692,,2012,"3,011",,,,,,,,,,,,,,,,
1981,860,,2013,"2,983",,,,,,,,,,,,,,,,
1982,"1,066",,2014,"2,942",,,,,,,,,,,,,,,,
1983,"1,209",,2015,"2,872",,,,,,,,,,,,,,,,
1984,"1,420",,2016,"2,814",,,,,,,,,,,,,,,,
"Source: Bureau of Justice Statistics, National Prisoner Statistics program (NPS-8), 1953–2016.",,,,,,,,,,,,,,,,,,,,
Bureau of Justice Statistics,,,,,,,,,,,,,,,,,,,,
Filename: cp16sbat05.csv,,,,,,,,,,,,,,,,,,,,
"Appendix table 5. Numbers for figure 2: Admissions to and removals from sentence of death, 1973–2016",,,,,,,,,,,,,,,,,,,,
"Report title: Capital Punishment, 2016 - Statistical Brief NCJ 251430",,,,,,,,,,,,,,,,,,,,
"Data source: National Prisoner Statistics program (NPS-8), 2016",,,,,,,,,,,,,,,,,,,,
"Authors: Elizabeth Davis and Tracy L. Snell, BJS Statisticians",,,,,,,,,,,,,,,,,,,,
Refer questions to: askbjs@usdoj.gov or (202) 307-0765,,,,,,,,,,,,,,,,,,,,
Date of version: 4/30/2018,,,,,,,,,,,,,,,,,,,,
 ,,,,,,,,,,,,,,,,,,,,
"Appendix table 5. Numbers for figure 2: Admissions to and removals from sentence of death, 1973–2016",,,,,,,,,,,,,,,,,,,,
,,,,,,,,,,,,,,,,,,,,
Year,Admissions,Removals,,,,,,,,,,,,,,,,,,
1973,44,240,,,,,,,,,,,,,,,,,,
1974,161,55,,,,,,,,,,,,,,,,,,
1975,318,67,,,,,,,,,,,,,,,,,,
1976,249,317,,,,,,,,,,,,,,,,,,
1977,159,156,,,,,,,,,,,,,,,,,,
1978,211,150,,,,,,,,,,,,,,,,,,
1979,172,61,,,,,,,,,,,,,,,,,,
1980,202,101,,,,,,,,,,,,,,,,,,
1981,249,84,,,,,,,,,,,,,,,,,,
1982,287,79,,,,,,,,,,,,,,,,,,
1983,266,123,,,,,,,,,,,,,,,,,,
1984,305,90,,,,,,,,,,,,,,,,,,
1985,291,130,,,,,,,,,,,,,,,,,,
1986,320,109,,,,,,,,,,,,,,,,,,
1987,311,142,,,,,,,,,,,,,,,,,,
1988,317,165,,,,,,,,,,,,,,,,,,
1989,275,149,,,,,,,,,,,,,,,,,,
1990,270,152,,,,,,,,,,,,,,,,,,
1991,285,159,,,,,,,,,,,,,,,,,,
1992,300,173,,,,,,,,,,,,,,,,,,
1993,299,162,,,,,,,,,,,,,,,,,,
1994,330,153,,,,,,,,,,,,,,,,,,
1995,325,171,,,,,,,,,,,,,,,,,,
1996,323,155,,,,,,,,,,,,,,,,,,
1997,283,187,,,,,,,,,,,,,,,,,,
1998,311,174,,,,,,,,,,,,,,,,,,
1999,287,221,,,,,,,,,,,,,,,,,,
2000,235,173,,,,,,,,,,,,,,,,,,
2001,164,194,,,,,,,,,,,,,,,,,,
2002,172,191,,,,,,,,,,,,,,,,,,
2003,157,346,,,,,,,,,,,,,,,,,,
2004,139,198,,,,,,,,,,,,,,,,,,
2005,143,216,,,,,,,,,,,,,,,,,,
2006,125,145,,,,,,,,,,,,,,,,,,
2007,129,140,,,,,,,,,,,,,,,,,,
2008,122,136,,,,,,,,,,,,,,,,,,
2009,118,166,,,,,,,,,,,,,,,,,,
2010,116,143,,,,,,,,,,,,,,,,,,
2011,84,153,,,,,,,,,,,,,,,,,,
2012,85,128,,,,,,,,,,,,,,,,,,
2013,85,115,,,,,,,,,,,,,,,,,,
2014,68,111,,,,,,,,,,,,,,,,,,
2015,54,120,,,,,,,,,,,,,,,,,,
2016,32,90,,,,,,,,,,,,,,,,,,
"Source: Bureau of Justice Statistics, National Prisoner Statistics program (NPS-8), 1973-2016.",,,,,,,,,,,,,,,,,,,,
Bureau of Justice Statistics,,,,,,,,,,,,,,,,,,,,
Filename: cp16sbat06.csv,,,,,,,,,,,,,,,,,,,,
"Appendix table 6. Numbers for figure 3: Number of prisoners executed under civil authority in the United States, 1930–2016",,,,,,,,,,,,,,,,,,,,
"Report title: Capital Punishment, 2016 - Statistical Brief NCJ 251430",,,,,,,,,,,,,,,,,,,,
"Data source: National Prisoner Statistics program (NPS-8), 2016",,,,,,,,,,,,,,,,,,,,
"Authors: Elizabeth Davis and Tracy L. Snell, BJS Statisticians",,,,,,,,,,,,,,,,,,,,
Refer questions to: askbjs@usdoj.gov or (202) 307-0765,,,,,,,,,,,,,,,,,,,,
Date of version: 4/30/2018,,,,,,,,,,,,,,,,,,,,
 ,,,,,,,,,,,,,,,,,,,,
"Appendix table 6. Numbers for figure 3: Number of prisoners executed under civil authority in the United States, 1930–2016",,,,,,,,,,,,,,,,,,,,
Year,Executions,,Year,Executions,,,,,,,,,,,,,,,,
1930,155,,1974,0,,,,,,,,,,,,,,,,
1931,153,,1975,0,,,,,,,,,,,,,,,,
1932,140,,1976,0,,,,,,,,,,,,,,,,
1933,160,,1977,1,,,,,,,,,,,,,,,,
1934,168,,1978,0,,,,,,,,,,,,,,,,
1935,199,,1979,2,,,,,,,,,,,,,,,,
1936,195,,1980,0,,,,,,,,,,,,,,,,
1937,147,,1981,1,,,,,,,,,,,,,,,,
1938,190,,1982,2,,,,,,,,,,,,,,,,
1939,160,,1983,5,,,,,,,,,,,,,,,,
1940,124,,1984,21,,,,,,,,,,,,,,,,
1941,123,,1985,18,,,,,,,,,,,,,,,,
1942,147,,1986,18,,,,,,,,,,,,,,,,
1943,131,,1987,25,,,,,,,,,,,,,,,,
1944,120,,1988,11,,,,,,,,,,,,,,,,
1945,117,,1989,16,,,,,,,,,,,,,,,,
1946,131,,1990,23,,,,,,,,,,,,,,,,
1947,153,,1991,14,,,,,,,,,,,,,,,,
1948,119,,1992,31,,,,,,,,,,,,,,,,
1949,119,,1993,38,,,,,,,,,,,,,,,,
1950,82,,1994,31,,,,,,,,,,,,,,,,
1951,105,,1995,56,,,,,,,,,,,,,,,,
1952,83,,1996,45,,,,,,,,,,,,,,,,
1953,62,,1997,74,,,,,,,,,,,,,,,,
1954,81,,1998,68,,,,,,,,,,,,,,,,
1955,76,,1999,98,,,,,,,,,,,,,,,,
1956,65,,2000,85,,,,,,,,,,,,,,,,
1957,65,,2001,66,,,,,,,,,,,,,,,,
1958,49,,2002,71,,,,,,,,,,,,,,,,
1959,49,,2003,65,,,,,,,,,,,,,,,,
1960,56,,2004,59,,,,,,,,,,,,,,,,
1961,42,,2005,60,,,,,,,,,,,,,,,,
1962,47,,2006,53,,,,,,,,,,,,,,,,
1963,21,,2007,42,,,,,,,,,,,,,,,,
1964,15,,2008,37,,,,,,,,,,,,,,,,
1965,7,,2009,52,,,,,,,,,,,,,,,,
1966,1,,2010,46,,,,,,,,,,,,,,,,
1967,2,,2011,43,,,,,,,,,,,,,,,,
1968,0,,2012,43,,,,,,,,,,,,,,,,
1969,0,,2013,39,,,,,,,,,,,,,,,,
1970,0,,2014,35,,,,,,,,,,,,,,,,
1971,0,,2015,28,,,,,,,,,,,,,,,,
1972,0,,2016,20,,,,,,,,,,,,,,,,
1973,0,,,,,,,,,,,,,,,,,,,
"Source: Bureau of Justice Statistics, National Prisoner Statistics program (NPS-8), 1930–2016.",,,,,,,,,,,,,,,,,,,,
Bureau of Justice Statistics,,,,,,,,,,,,,,,,,,,,
Filename: cp16sbat07.csv,,,,,,,,,,,,,,,,,,,,
"Appendix table 7. Numbers for figure 4: Number of prisoners under sentence of death, by race, 1968–2016",,,,,,,,,,,,,,,,,,,,
"Report title: Capital Punishment, 2016 - Statistical Brief NCJ 251430",,,,,,,,,,,,,,,,,,,,
"Data source: National Prisoner Statistics program (NPS-8), 2016",,,,,,,,,,,,,,,,,,,,
"Authors: Elizabeth Davis and Tracy L. Snell, BJS Statisticians",,,,,,,,,,,,,,,,,,,,
Refer questions to: askbjs@usdoj.gov or (202) 307-0765,,,,,,,,,,,,,,,,,,,,
Date of version: 4/30/2018,,,,,,,,,,,,,,,,,,,,
 ,,,,,,,,,,,,,,,,,,,,
"Appendix table 7. Numbers for figure 4: Number of prisoners under sentence of death, by race, 1968–2016",,,,,,,,,,,,,,,,,,,,
Year,White,Black,All other races,,,,,,,,,,,,,,,,,
1968,243,271,3,,,,,,,,,,,,,,,,,
1969,263,310,2,,,,,,,,,,,,,,,,,
1970,293,335,3,,,,,,,,,,,,,,,,,
1971,306,332,4,,,,,,,,,,,,,,,,,
1972,167,166,1,,,,,,,,,,,,,,,,,
1973,64,68,2,,,,,,,,,,,,,,,,,
1974,110,128,6,,,,,,,,,,,,,,,,,
1975,218,262,8,,,,,,,,,,,,,,,,,
1976,225,195,0,,,,,,,,,,,,,,,,,
1977,229,192,2,,,,,,,,,,,,,,,,,
1978,281,197,4,,,,,,,,,,,,,,,,,
1979,354,236,3,,,,,,,,,,,,,,,,,
1980,424,264,4,,,,,,,,,,,,,,,,,
1981,499,353,8,,,,,,,,,,,,,,,,,
1982,613,441,12,,,,,,,,,,,,,,,,,
1983,692,505,12,,,,,,,,,,,,,,,,,
1984,806,598,16,,,,,,,,,,,,,,,,,
1985,896,664,15,,,,,,,,,,,,,,,,,
1986,"1,013",762,25,,,,,,,,,,,,,,,,,
1987,"1,128",813,26,,,,,,,,,,,,,,,,,
1988,"1,235",848,34,,,,,,,,,,,,,,,,,
1989,"1,308",898,37,,,,,,,,,,,,,,,,,
1990,"1,368",940,38,,,,,,,,,,,,,,,,,
1991,"1,449",979,37,,,,,,,,,,,,,,,,,
1992,"1,511","1,031",38,,,,,,,,,,,,,,,,,
1993,"1,575","1,111",41,,,,,,,,,,,,,,,,,
1994,"1,653","1,203",49,,,,,,,,,,,,,,,,,
1995,"1,732","1,284",48,,,,,,,,,,,,,,,,,
1996,"1,833","1,358",51,,,,,,,,,,,,,,,,,
1997,"1,864","1,408",56,,,,,,,,,,,,,,,,,
1998,"1,917","1,489",59,,,,,,,,,,,,,,,,,
1999,"1,960","1,515",65,,,,,,,,,,,,,,,,,
2000,"1,989","1,541",71,,,,,,,,,,,,,,,,,
2001,"1,968","1,538",71,,,,,,,,,,,,,,,,,
2002,"1,931","1,554",72,,,,,,,,,,,,,,,,,
2003,"1,883","1,417",78,,,,,,,,,,,,,,,,,
2004,"1,856","1,390",74,,,,,,,,,,,,,,,,,
2005,"1,802","1,366",77,,,,,,,,,,,,,,,,,
2006,"1,806","1,353",74,,,,,,,,,,,,,,,,,
2007,"1,806","1,338",71,,,,,,,,,,,,,,,,,
2008,"1,795","1,343",72,,,,,,,,,,,,,,,,,
2009,"1,779","1,318",76,,,,,,,,,,,,,,,,,
2010,"1,743","1,309",87,,,,,,,,,,,,,,,,,
2011,"1,721","1,274",70,,,,,,,,,,,,,,,,,
2012,"1,684","1,258",69,,,,,,,,,,,,,,,,,
2013,"1,670","1,251",62,,,,,,,,,,,,,,,,,
2014,"1,647","1,233",62,,,,,,,,,,,,,,,,,
2015,"1,606","1,202",64,,,,,,,,,,,,,,,,,
2016,"1,560","1,189",65,,,,,,,,,,,,,,,,,
"Source: Bureau of Justice Statistics, National Prisoner Statistics program (NPS-8), 1968–2016.",,,,,,,,,,,,,,,,,,,,
Bureau of Justice Statistics,,,,,,,,,,,,,,,,,,,,
Filename: cp16sbat08.csv,,,,,,,,,,,,,,,,,,,,
"Appendix table 8. Numbers for table 4: Demographic characteristics for prisoners under sentence of death, 2016",,,,,,,,,,,,,,,,,,,,
"Report title: Capital Punishment, 2016 - Statistical Brief NCJ 251430",,,,,,,,,,,,,,,,,,,,
"Data source: National Prisoner Statistics program (NPS-8), 2016",,,,,,,,,,,,,,,,,,,,
"Authors: Elizabeth Davis and Tracy L. Snell, BJS Statisticians",,,,,,,,,,,,,,,,,,,,
Refer questions to: askbjs@usdoj.gov or (202) 307-0765,,,,,,,,,,,,,,,,,,,,
Date of version: 4/30/2018,,,,,,,,,,,,,,,,,,,,
 ,,,,,,,,,,,,,,,,,,,,
"Appendix table 8. Numbers for table 4: Demographic characteristics for prisoners under sentence of death, 2016",,,,,,,,,,,,,,,,,,,,
Demographic characteristic,,Total year-end,Admissions,Removals,,,,,,,,,,,,,,,,
,Total,"2,814",32,90,,,,,,,,,,,,,,,,
Sex,,,,,,,,,,,,,,,,,,,,
,Male,"2,762",31,87,,,,,,,,,,,,,,,,
,Female,52,1,3,,,,,,,,,,,,,,,,
Race,,,,,,,,,,,,,,,,,,,,
,White,"1,560",8,54,,,,,,,,,,,,,,,,
,Black,"1,189",20,33,,,,,,,,,,,,,,,,
,Other,65,4,3,,,,,,,,,,,,,,,,
Hispanic/Latino origin,,,,,,,,,,,,,,,,,,,,
,Hispanic/Latino,378,3,10,,,,,,,,,,,,,,,,
,Non-Hispanic/Latino,"2,175",24,68,,,,,,,,,,,,,,,,
,Unknown,261,5,12,,,,,,,,,,,,,,,,
Age,,,,,,,,,,,,,,,,,,,,
,18–19,1,1,0,,,,,,,,,,,,,,,,
,20–24,8,0,0,,,,,,,,,,,,,,,,
,25–29,67,4,2,,,,,,,,,,,,,,,,
,30–34,167,9,3,,,,,,,,,,,,,,,,
,35–39,334,8,14,,,,,,,,,,,,,,,,
,40–44,441,4,14,,,,,,,,,,,,,,,,
,45–49,509,3,13,,,,,,,,,,,,,,,,
,50–54,448,1,9,,,,,,,,,,,,,,,,
,55–59,380,1,10,,,,,,,,,,,,,,,,
,60–64,233,1,9,,,,,,,,,,,,,,,,
,65 or older,226,0,16,,,,,,,,,,,,,,,,
Education,,,,,,,,,,,,,,,,,,,,
,8th grade or less,275,3,20,,,,,,,,,,,,,,,,
,9th–11th grade,784,8,19,,,,,,,,,,,,,,,,
,High school graduate,,,,,,,,,,,,,,,,,,,
  GED,,983,6,33,,,,,,,,,,,,,,,,
,Any college,203,2,4,,,,,,,,,,,,,,,,
,Unknown,569,13,14,,,,,,,,,,,,,,,,
Marital status,,,,,,,,,,,,,,,,,,,,
,Married,515,2,15,,,,,,,,,,,,,,,,
,Divorced/separated,477,2,21,,,,,,,,,,,,,,,,
,Widowed,86,0,2,,,,,,,,,,,,,,,,
,Never married,"1,357",15,41,,,,,,,,,,,,,,,,
,Unknown,379,13,11,,,,,,,,,,,,,,,,
"Source: Bureau of Justice Statistics, National Prisoner Statistics program (NPS-8), 2016.",,,,,,,,,,,,,,,,,,,,
Bureau of Justice Statistics,,,,,,,,,,,,,,,,,,,,
Filename: cp16sbf01.csv,,,,,,,,,,,,,,,,,,,,
"Figure 1. Number of prisoners under sentence of death, 1953–2016",,,,,,,,,,,,,,,,,,,,
"Report title: Capital Punishment, 2016 - Statistical Brief NCJ 251430",,,,,,,,,,,,,,,,,,,,
"Data source: National Prisoner Statistics program (NPS-8), 2016",,,,,,,,,,,,,,,,,,,,
"Authors: Elizabeth Davis and Tracy L. Snell, BJS Statisticians",,,,,,,,,,,,,,,,,,,,
Refer questions to: askbjs@usdoj.gov or (202) 307-0765,,,,,,,,,,,,,,,,,,,,
Date of version: 4/30/2018,,,,,,,,,,,,,,,,,,,,
,,,,,,,,,,,,,,,,,,,,
"Figure 1. Number of prisoners under sentence of death, 1953–2016",,,,,,,,,,,,,,,,,,,,
,Number,,,,,,,,,,,,,,,,,,,
1953,131,,,,,,,,,,,,,,,,,,,
,147,,,,,,,,,,,,,,,,,,,
,125,,,,,,,,,,,,,,,,,,,
,146,,,,,,,,,,,,,,,,,,,
,151,,,,,,,,,,,,,,,,,,,
,147,,,,,,,,,,,,,,,,,,,
,164,,,,,,,,,,,,,,,,,,,
1960,212,,,,,,,,,,,,,,,,,,,
,257,,,,,,,,,,,,,,,,,,,
,267,,,,,,,,,,,,,,,,,,,
,297,,,,,,,,,,,,,,,,,,,
,315,,,,,,,,,,,,,,,,,,,
,331,,,,,,,,,,,,,,,,,,,
,406,,,,,,,,,,,,,,,,,,,
,435,,,,,,,,,,,,,,,,,,,
,517,,,,,,,,,,,,,,,,,,,
,575,,,,,,,,,,,,,,,,,,,
1970,631,,,,,,,,,,,,,,,,,,,
,642,,,,,,,,,,,,,,,,,,,
,334,,,,,,,,,,,,,,,,,,,
,134,,,,,,,,,,,,,,,,,,,
,244,,,,,,,,,,,,,,,,,,,
,488,,,,,,,,,,,,,,,,,,,
,420,,,,,,,,,,,,,,,,,,,
,423,,,,,,,,,,,,,,,,,,,
,482,,,,,,,,,,,,,,,,,,,
,593,,,,,,,,,,,,,,,,,,,
1980,692,,,,,,,,,,,,,,,,,,,
,860,,,,,,,,,,,,,,,,,,,
,"1,066",,,,,,,,,,,,,,,,,,,
,"1,209",,,,,,,,,,,,,,,,,,,
,"1,420",,,,,,,,,,,,,,,,,,,
,"1,575",,,,,,,,,,,,,,,,,,,
,"1,800",,,,,,,,,,,,,,,,,,,
,"1,967",,,,,,,,,,,,,,,,,,,
,"2,117",,,,,,,,,,,,,,,,,,,
,"2,243",,,,,,,,,,,,,,,,,,,
1990,"2,346",,,,,,,,,,,,,,,,,,,
,"2,465",,,,,,,,,,,,,,,,,,,
,"2,580",,,,,,,,,,,,,,,,,,,
,"2,727",,,,,,,,,,,,,,,,,,,
,"2,905",,,,,,,,,,,,,,,,,,,
,"3,064",,,,,,,,,,,,,,,,,,,
,"3,242",,,,,,,,,,,,,,,,,,,
,"3,328",,,,,,,,,,,,,,,,,,,
,"3,465",,,,,,,,,,,,,,,,,,,
,"3,527",,,,,,,,,,,,,,,,,,,
2000,"3,601",,,,,,,,,,,,,,,,,,,
,"3,577",,,,,,,,,,,,,,,,,,,
,"3,562",,,,,,,,,,,,,,,,,,,
,"3,377",,,,,,,,,,,,,,,,,,,
,"3,320",,,,,,,,,,,,,,,,,,,
,"3,245",,,,,,,,,,,,,,,,,,,
,"3,228",,,,,,,,,,,,,,,,,,,
,"3,215",,,,,,,,,,,,,,,,,,,
,"3,210",,,,,,,,,,,,,,,,,,,
,"3,173",,,,,,,,,,,,,,,,,,,
2010,"3,139",,,,,,,,,,,,,,,,,,,
,"3,065",,,,,,,,,,,,,,,,,,,
,"3,011",,,,,,,,,,,,,,,,,,,
,"2,983",,,,,,,,,,,,,,,,,,,
,"2,942",,,,,,,,,,,,,,,,,,,
,"2,872",,,,,,,,,,,,,,,,,,,
2016,"2,814",,,,,,,,,,,,,,,,,,,
Note: See appendix table 4 for counts.,,,,,,,,,,,,,,,,,,,,
"Source: Bureau of Justice Statistics, National Prisoner Statistics program (NPS-8), 1953–2016.",,,,,,,,,,,,,,,,,,,,
Bureau of Justice Statistics,,,,,,,,,,,,,,,,,,,,
Filename: cp16sbf02.csv,,,,,,,,,,,,,,,,,,,,
"Figure 2. Admissions to and removals from sentence of death, 1973–2016",,,,,,,,,,,,,,,,,,,,
"Report title: Capital Punishment, 2016 - Statistical Brief NCJ 251430",,,,,,,,,,,,,,,,,,,,
"Data source: National Prisoner Statistics program (NPS-8), 2016",,,,,,,,,,,,,,,,,,,,
"Authors: Elizabeth Davis and Tracy L. Snell, BJS Statisticians",,,,,,,,,,,,,,,,,,,,
Refer questions to: askbjs@usdoj.gov or (202) 307-0765,,,,,,,,,,,,,,,,,,,,
Date of version: 4/30/2018,,,,,,,,,,,,,,,,,,,,
,,,,,,,,,,,,,,,,,,,,
"Figure 2. Admissions to and removals from sentence of death, 1973–2016",,,,,,,,,,,,,,,,,,,,
,Admissions,Removals,,,,,,,,,,,,,,,,,,
1973,44,240,,,,,,,,,,,,,,,,,,
,161,55,,,,,,,,,,,,,,,,,,
,318,67,,,,,,,,,,,,,,,,,,
,249,317,,,,,,,,,,,,,,,,,,
,159,156,,,,,,,,,,,,,,,,,,
,211,150,,,,,,,,,,,,,,,,,,
,172,61,,,,,,,,,,,,,,,,,,
1980,202,101,,,,,,,,,,,,,,,,,,
,249,84,,,,,,,,,,,,,,,,,,
,287,79,,,,,,,,,,,,,,,,,,
,266,123,,,,,,,,,,,,,,,,,,
,305,90,,,,,,,,,,,,,,,,,,
,291,130,,,,,,,,,,,,,,,,,,
,320,109,,,,,,,,,,,,,,,,,,
,311,142,,,,,,,,,,,,,,,,,,
,317,165,,,,,,,,,,,,,,,,,,
,275,149,,,,,,,,,,,,,,,,,,
1990,270,152,,,,,,,,,,,,,,,,,,
,285,159,,,,,,,,,,,,,,,,,,
,300,173,,,,,,,,,,,,,,,,,,
,299,162,,,,,,,,,,,,,,,,,,
,330,153,,,,,,,,,,,,,,,,,,
,325,171,,,,,,,,,,,,,,,,,,
,323,155,,,,,,,,,,,,,,,,,,
,283,187,,,,,,,,,,,,,,,,,,
,311,174,,,,,,,,,,,,,,,,,,
,287,221,,,,,,,,,,,,,,,,,,
2000,235,173,,,,,,,,,,,,,,,,,,
,164,194,,,,,,,,,,,,,,,,,,
,172,191,,,,,,,,,,,,,,,,,,
,157,346,,,,,,,,,,,,,,,,,,
,139,198,,,,,,,,,,,,,,,,,,
,143,216,,,,,,,,,,,,,,,,,,
,125,145,,,,,,,,,,,,,,,,,,
,129,140,,,,,,,,,,,,,,,,,,
,122,136,,,,,,,,,,,,,,,,,,
,118,166,,,,,,,,,,,,,,,,,,
2010,116,143,,,,,,,,,,,,,,,,,,
,84,153,,,,,,,,,,,,,,,,,,
,85,128,,,,,,,,,,,,,,,,,,
,85,115,,,,,,,,,,,,,,,,,,
,68,111,,,,,,,,,,,,,,,,,,
,54,120,,,,,,,,,,,,,,,,,,
2016,32,90,,,,,,,,,,,,,,,,,,
"Note: Removals can be due to any cause including execution, other death, or appeal. See appendix table 5 for counts.",,,,,,,,,,,,,,,,,,,,
"Source: Bureau of Justice Statistics, National Prisoner Statistics program (NPS-8), 1973–2016.",,,,,,,,,,,,,,,,,,,,
Bureau of Justice Statistics,,,,,,,,,,,,,,,,,,,,
Filename: cp16sbf03.csv,,,,,,,,,,,,,,,,,,,,
"Figure 3. Number of prisoners executed under civil authority in the United States, 1930-2016",,,,,,,,,,,,,,,,,,,,
"Report title: Capital Punishment, 2016 - Statistical Brief NCJ 251430",,,,,,,,,,,,,,,,,,,,
"Data source: National Prisoner Statistics program (NPS-8), 2016",,,,,,,,,,,,,,,,,,,,
"Authors: Elizabeth Davis and Tracy L. Snell, BJS Statisticians",,,,,,,,,,,,,,,,,,,,
Refer questions to: askbjs@usdoj.gov or (202) 307-0765,,,,,,,,,,,,,,,,,,,,
Date of version: 4/30/2018,,,,,,,,,,,,,,,,,,,,
,,,,,,,,,,,,,,,,,,,,
"Figure 3. Number of prisoners executed under civil authority in the United States, 1930-2016",,,,,,,,,,,,,,,,,,,,
,Executions,,,,,,,,,,,,,,,,,,,
1930,155,,,,,,,,,,,,,,,,,,,
,153,,,,,,,,,,,,,,,,,,,
,140,,,,,,,,,,,,,,,,,,,
,160,,,,,,,,,,,,,,,,,,,
,168,,,,,,,,,,,,,,,,,,,
,199,,,,,,,,,,,,,,,,,,,
,195,,,,,,,,,,,,,,,,,,,
,147,,,,,,,,,,,,,,,,,,,
,190,,,,,,,,,,,,,,,,,,,
,160,,,,,,,,,,,,,,,,,,,
1940,124,,,,,,,,,,,,,,,,,,,
,123,,,,,,,,,,,,,,,,,,,
,147,,,,,,,,,,,,,,,,,,,
,131,,,,,,,,,,,,,,,,,,,
,120,,,,,,,,,,,,,,,,,,,
,117,,,,,,,,,,,,,,,,,,,
,131,,,,,,,,,,,,,,,,,,,
,153,,,,,,,,,,,,,,,,,,,
,119,,,,,,,,,,,,,,,,,,,
,119,,,,,,,,,,,,,,,,,,,
1950,82,,,,,,,,,,,,,,,,,,,
,105,,,,,,,,,,,,,,,,,,,
,83,,,,,,,,,,,,,,,,,,,
,62,,,,,,,,,,,,,,,,,,,
,81,,,,,,,,,,,,,,,,,,,
,76,,,,,,,,,,,,,,,,,,,
,65,,,,,,,,,,,,,,,,,,,
,65,,,,,,,,,,,,,,,,,,,
,49,,,,,,,,,,,,,,,,,,,
,49,,,,,,,,,,,,,,,,,,,
1960,56,,,,,,,,,,,,,,,,,,,
,42,,,,,,,,,,,,,,,,,,,
,47,,,,,,,,,,,,,,,,,,,
,21,,,,,,,,,,,,,,,,,,,
,15,,,,,,,,,,,,,,,,,,,
,7,,,,,,,,,,,,,,,,,,,
,1,,,,,,,,,,,,,,,,,,,
,2,,,,,,,,,,,,,,,,,,,
,0,,,,,,,,,,,,,,,,,,,
,0,,,,,,,,,,,,,,,,,,,
1970,0,,,,,,,,,,,,,,,,,,,
,0,,,,,,,,,,,,,,,,,,,
,0,,,,,,,,,,,,,,,,,,,
,0,,,,,,,,,,,,,,,,,,,
,0,,,,,,,,,,,,,,,,,,,
,0,,,,,,,,,,,,,,,,,,,
,0,,,,,,,,,,,,,,,,,,,
,1,,,,,,,,,,,,,,,,,,,
,0,,,,,,,,,,,,,,,,,,,
,2,,,,,,,,,,,,,,,,,,,
1980,0,,,,,,,,,,,,,,,,,,,
,1,,,,,,,,,,,,,,,,,,,
,2,,,,,,,,,,,,,,,,,,,
,5,,,,,,,,,,,,,,,,,,,
,21,,,,,,,,,,,,,,,,,,,
,18,,,,,,,,,,,,,,,,,,,
,18,,,,,,,,,,,,,,,,,,,
,25,,,,,,,,,,,,,,,,,,,
,11,,,,,,,,,,,,,,,,,,,
,16,,,,,,,,,,,,,,,,,,,
1990,23,,,,,,,,,,,,,,,,,,,
,14,,,,,,,,,,,,,,,,,,,
,31,,,,,,,,,,,,,,,,,,,
,38,,,,,,,,,,,,,,,,,,,
,31,,,,,,,,,,,,,,,,,,,
,56,,,,,,,,,,,,,,,,,,,
,45,,,,,,,,,,,,,,,,,,,
,74,,,,,,,,,,,,,,,,,,,
,68,,,,,,,,,,,,,,,,,,,
,98,,,,,,,,,,,,,,,,,,,
2000,85,,,,,,,,,,,,,,,,,,,
,66,,,,,,,,,,,,,,,,,,,
,71,,,,,,,,,,,,,,,,,,,
,65,,,,,,,,,,,,,,,,,,,
,59,,,,,,,,,,,,,,,,,,,
,60,,,,,,,,,,,,,,,,,,,
,53,,,,,,,,,,,,,,,,,,,
,42,,,,,,,,,,,,,,,,,,,
,37,,,,,,,,,,,,,,,,,,,
,52,,,,,,,,,,,,,,,,,,,
2010,46,,,,,,,,,,,,,,,,,,,
,43,,,,,,,,,,,,,,,,,,,
,43,,,,,,,,,,,,,,,,,,,
,39,,,,,,,,,,,,,,,,,,,
,35,,,,,,,,,,,,,,,,,,,
,28,,,,,,,,,,,,,,,,,,,
2016,20,,,,,,,,,,,,,,,,,,,
Note: Excludes 160 executions carried out by military authorities from 1930 to 1961. See appendix table 6 for counts.,,,,,,,,,,,,,,,,,,,,
"Source: Bureau of Justice Statistics, National Prisoner Statistics program (NPS-8), 1930–2016.",,,,,,,,,,,,,,,,,,,,
Bureau of Justice Statistics,,,,,,,,,,,,,,,,,,,,
Filename: cp16sbf04.csv,,,,,,,,,,,,,,,,,,,,
"Figure 4. Number of prisoners under sentence of death, by race, 1968–2016",,,,,,,,,,,,,,,,,,,,
"Report title: Capital Punishment, 2016 - Statistical Brief NCJ 251430",,,,,,,,,,,,,,,,,,,,
"Data source: National Prisoner Statistics program (NPS-8), 2016",,,,,,,,,,,,,,,,,,,,
"Authors: Elizabeth Davis and Tracy L. Snell, BJS Statisticians",,,,,,,,,,,,,,,,,,,,
Refer questions to: askbjs@usdoj.gov or (202) 307-0765,,,,,,,,,,,,,,,,,,,,
Date of version: 4/30/2018,,,,,,,,,,,,,,,,,,,,
,,,,,,,,,,,,,,,,,,,,
"Figure 4. Number of prisoners under sentence of death, by race, 1968–2016",,,,,,,,,,,,,,,,,,,,
,,,,,,,,,,,,,,,,,,,,
,White/a,Black/a,All other races/b,,,,,,,,,,,,,,,,,
1968,243,271,3,,,,,,,,,,,,,,,,,
,263,310,2,,,,,,,,,,,,,,,,,
1970,293,335,3,,,,,,,,,,,,,,,,,
,306,332,4,,,,,,,,,,,,,,,,,
,167,166,1,,,,,,,,,,,,,,,,,
,64,68,2,,,,,,,,,,,,,,,,,
,110,128,6,,,,,,,,,,,,,,,,,
,218,262,8,,,,,,,,,,,,,,,,,
,225,195,0,,,,,,,,,,,,,,,,,
,229,192,2,,,,,,,,,,,,,,,,,
,281,197,4,,,,,,,,,,,,,,,,,
,354,236,3,,,,,,,,,,,,,,,,,
1980,424,264,4,,,,,,,,,,,,,,,,,
,499,353,8,,,,,,,,,,,,,,,,,
,613,441,12,,,,,,,,,,,,,,,,,
,692,505,12,,,,,,,,,,,,,,,,,
,806,598,16,,,,,,,,,,,,,,,,,
,896,664,15,,,,,,,,,,,,,,,,,
,"1,013",762,25,,,,,,,,,,,,,,,,,
,"1,128",813,26,,,,,,,,,,,,,,,,,
,"1,235",848,34,,,,,,,,,,,,,,,,,
,"1,308",898,37,,,,,,,,,,,,,,,,,
1990,"1,368",940,38,,,,,,,,,,,,,,,,,
,"1,449",979,37,,,,,,,,,,,,,,,,,
,"1,511","1,031",38,,,,,,,,,,,,,,,,,
,"1,575","1,111",41,,,,,,,,,,,,,,,,,
,"1,653","1,203",49,,,,,,,,,,,,,,,,,
,"1,732","1,284",48,,,,,,,,,,,,,,,,,
,"1,833","1,358",51,,,,,,,,,,,,,,,,,
,"1,864","1,408",56,,,,,,,,,,,,,,,,,
,"1,917","1,489",59,,,,,,,,,,,,,,,,,
,"1,960","1,515",65,,,,,,,,,,,,,,,,,
2000,"1,989","1,541",71,,,,,,,,,,,,,,,,,
,"1,968","1,538",71,,,,,,,,,,,,,,,,,
,"1,931","1,554",72,,,,,,,,,,,,,,,,,
,"1,883","1,417",78,,,,,,,,,,,,,,,,,
,"1,856","1,390",74,,,,,,,,,,,,,,,,,
,"1,802","1,366",77,,,,,,,,,,,,,,,,,
,"1,806","1,353",74,,,,,,,,,,,,,,,,,
,"1,806","1,338",71,,,,,,,,,,,,,,,,,
,"1,795","1,343",72,,,,,,,,,,,,,,,,,
,"1,779","1,318",76,,,,,,,,,,,,,,,,,
2010,"1,743","1,309",87,,,,,,,,,,,,,,,,,
,"1,721","1,274",70,,,,,,,,,,,,,,,,,
,"1,684","1,258",69,,,,,,,,,,,,,,,,,
,"1,670","1,251",62,,,,,,,,,,,,,,,,,
,"1,647","1,233",62,,,,,,,,,,,,,,,,,
,"1,606","1,202",64,,,,,,,,,,,,,,,,,
2016,"1,560","1,189",65,,,,,,,,,,,,,,,,,
Note: See appendix table 7 for counts.,,,,,,,,,,,,,,,,,,,,
a/Includes persons of Hispanic/Latino origin.,,,,,,,,,,,,,,,,,,,,
"b/Includes American Indians and Alaska Natives; Asians, Native Hawaiians, and Other Pacific Islanders; and persons of Hispanic/Latino origin for whom no other race was identified.",,,,,,,,,,,,,,,,,,,,
"Source: Bureau of Justice Statistics, National Prisoner Statistics program (NPS-8), 1968–2016.",,,,,,,,,,,,,,,,,,,,
Bureau of Justice Statistics,,,,,,,,,,,,,,,,,,,,
Filename: cp16sbf05.csv,,,,,,,,,,,,,,,,,,,,
"Figure 5. Advance count of executions, January 1–December 31, 2017",,,,,,,,,,,,,,,,,,,,
"Report title: Capital Punishment, 2016 - Statistical Brief NCJ 251430",,,,,,,,,,,,,,,,,,,,
"Data source: National Prisoner Statistics program (NPS-8), 2016",,,,,,,,,,,,,,,,,,,,
"Authors: Elizabeth Davis and Tracy L. Snell, BJS Statisticians",,,,,,,,,,,,,,,,,,,,
Refer questions to: askbjs@usdoj.gov or (202) 307-0765,,,,,,,,,,,,,,,,,,,,
Date of version: 4/30/2018,,,,,,,,,,,,,,,,,,,,
,,,,,,,,,,,,,,,,,,,,
"Figure 5. Advance count of executions, January 1–December 31, 2017",,,,,,,,,,,,,,,,,,,,
,Jurisdiction,,,,,,,,,,,,,,,,,,,
Total,23,,,,,,,,,,,,,,,,,,,
Texas,7,,,,,,,,,,,,,,,,,,,
Arkansas,4,,,,,,,,,,,,,,,,,,,
Alabama,3,,,,,,,,,,,,,,,,,,,
Florida,3,,,,,,,,,,,,,,,,,,,
Ohio,2,,,,,,,,,,,,,,,,,,,
Virginia,2,,,,,,,,,,,,,,,,,,,
Missouri,1,,,,,,,,,,,,,,,,,,,
Georgia,1,,,,,,,,,,,,,,,,,,,
"Source: Bureau of Justice Statistics, National Prisoner Statistics program (NPS-8), 2016.",,,,,,,,,,,,,,,,,,,,
Bureau of Justice Statistics,,,,,,,,,,,,,,,,,,,,
Filename: cp16sbt01.csv,,,,,,,,,,,,,,,,,,,,
"Table 1. Status of the death penalty, December 31, 2016",,,,,,,,,,,,,,,,,,,,
"Report title: Capital Punishment, 2016 - Statistical Brief NCJ 251430",,,,,,,,,,,,,,,,,,,,
"Data source: National Prisoner Statistics program (NPS-8), 2016",,,,,,,,,,,,,,,,,,,,
"Authors: Elizabeth Davis and Tracy L. Snell, BJS Statisticians",,,,,,,,,,,,,,,,,,,,
Refer questions to: askbjs@usdoj.gov or (202) 307-0765,,,,,,,,,,,,,,,,,,,,
Date of version: 4/30/2018,,,,,,,,,,,,,,,,,,,,
,,,,,,,,,,,,,,,,,,,,
"Table 1. Status of the death penalty, December 31, 2016",,,,,,,,,,,,,,,,,,,,
Executions in 2016,,,Number of prisoners under sentence of death,,,Jurisdictions without death penalty,,,,,,,,,,,,,,
Georgia,9.0,,California,742,,Alaska,,,,,,,,,,,,,,
Texas,7.0,,Florida,382,,Connecticut,,,,,,,,,,,,,,
Alabama,2.0,,Texas,244,,District of Columbia,,,,,,,,,,,,,,
Florida,1.0,,Alabama,183,,Hawaii,,,,,,,,,,,,,,
Missouri,1.0,,Pennsylvania,174,,Illinois,,,,,,,,,,,,,,
,,,North Carolina,150,,Iowa,,,,,,,,,,,,,,
,,,Ohio,140,,Maine,,,,,,,,,,,,,,
,,,Arizona,118,,Maryland,,,,,,,,,,,,,,
,,,Nevada,83,,Massachusetts,,,,,,,,,,,,,,
,,,Louisiana,73,,Michigan,,,,,,,,,,,,,,
,,,Tennessee,63,,Minnesota,,,,,,,,,,,,,,
,,,Georgia,58,,New Jersey,,,,,,,,,,,,,,
,,,Federal Bureau of Prisons,58,,North Dakota,,,,,,,,,,,,,,
,,,Mississippi,47,,Rhode Island,,,,,,,,,,,,,,
,,,Oklahoma,46,,Vermont,,,,,,,,,,,,,,
,,,18 other jurisdictions*,253,,West Virginia,,,,,,,,,,,,,,
Total,20.0,,Total,"2,814",,,,,,,,,,,,,,,,
"*New Mexico repealed the death penalty for offenses committed on or after July 1, 2009. As of December 31, 2016, two males in New Mexico were under previously imposed death sentences.",,,,,,,,,,,,,,,,,,,,
"Source: Bureau of Justice Statistics, National Prisoner Statistics program (NPS-8), 2016.",,,,,,,,,,,,,,,,,,,,
Bureau of Justice Statistics,,,,,,,,,,,,,,,,,,,,
Filename: cp16sbt02.csv,,,,,,,,,,,,,,,,,,,,
"Table 2. Prisoners under sentence of death, by region, jurisdiction, and race, 2015 and 2016",,,,,,,,,,,,,,,,,,,,
"Report title: Capital Punishment, 2016 - Statistical Brief NCJ 251430",,,,,,,,,,,,,,,,,,,,
"Data source: National Prisoner Statistics program (NPS-8), 2016",,,,,,,,,,,,,,,,,,,,
"Authors: Elizabeth Davis and Tracy L. Snell, BJS Statisticians",,,,,,,,,,,,,,,,,,,,
Refer questions to: askbjs@usdoj.gov or (202) 307-0765,,,,,,,,,,,,,,,,,,,,
Date of version: 4/30/2018,,,,,,,,,,,,,,,,,,,,
,,,,,,,,,,,,,,,,,,,,
"Table 2. Prisoners under sentence of death, by region, jurisdiction, and race, 2015 and 2016",,,,,,,,,,,,,,,,,,,,
,,"Prisoners under sentence of death, 12/31/15",,,,"Received under sentence of death, 2016  ",,,,"Removed from death row (excluding executions), 2016 ",,,,"Executed, 2016  ",,,,"Prisoners under sentence of death, 12/31/16",,
Region and jurisdiction,,Total/a,"White/b, c",Black/b,,Total/a,White/b,Black/b,,Total/a,White/b,Black/b,,Total/a,White/b,Black/b,,Total/a,White/b,Black/b
U.S. total,,"2,872","1,606","1,202",,32,8,20,,70,36,31,,20,18,2,,"2,814","1,560","1,189"
,Federal/d,59,30,28,,0,0,0,,1,0,1,,0,0,0,,58,30,27
,State,"2,813","1,576","1,174",,32,8,20,,69,36,30,,20,18,2,,"2,756","1,530","1,162"
Northeast,,193,87,104,,1,0,0,,19,8,11,,0,0,0,,175,79,93
,Connecticut/e,11,5,6,,0,0,0,,11,5,6,,0,0,0,,0,0,0
,New Hampshire,1,0,1,,0,0,0,,0,0,0,,0,0,0,,1,0,1
,New York,0,0,0,,0,0,0,,0,0,0,,0,0,0,,0,0,0
,Pennsylvania,181,82,97,,1,0,0,,8,3,5,,0,0,0,,174,79,92
Midwest,,200,109,90,,5,2,3,,3,2,1,,1,1,0,,201,108,92
,Indiana,13,10,3,,0,0,0,,0,0,0,,0,0,0,,13,10,3
,Kansas,10,7,3,,1,1,0,,1,1,0,,0,0,0,,10,7,3
,Missouri,26,18,8,,0,0,0,,0,0,0,,1,1,0,,25,17,8
,Nebraska/c,10,8,2,,0,0,0,,0,0,0,,0,0,0,,10,8,2
,Ohio,138,63,74,,4,1,3,,2,1,1,,0,0,0,,140,63,76
,South Dakota,3,3,0,,0,0,0,,0,0,0,,0,0,0,,3,3,0
South,,"1,413",742,651,,17,4,12,,41,21,17,,19,17,2,,"1,370",708,644
,Alabama,187,92,94,,3,1,2,,5,3,2,,2,2,0,,183,88,94
,Arkansas/f,35,16,19,,1,1,0,,1,1,0,,0,0,0,,35,16,19
,Delaware,14,6,8,,0,0,0,,1,1,0,,0,0,0,,13,5,8
,Florida/g,389,235,153,,3,1,2,,9,3,6,,1,1,0,,382,232,149
,Georgia,68,35,33,,0,0,0,,1,1,0,,9,7,2,,58,27,31
,Kentucky,32,27,5,,0,0,0,,0,0,0,,0,0,0,,32,27,5
,Louisiana,82,26,55,,0,0,0,,9,2,6,,0,0,0,,73,24,49
,Mississippi,47,20,26,,0,0,0,,0,0,0,,0,0,0,,47,20,26
,North Carolina,147,64,76,,5,0,4,,2,1,0,,0,0,0,,150,63,80
,Oklahoma,47,23,20,,1,0,1,,2,1,0,,0,0,0,,46,22,21
,South Carolina,40,17,23,,0,0,0,,3,1,2,,0,0,0,,37,16,21
,Tennessee/g,67,36,30,,0,0,0,,4,4,0,,0,0,0,,63,32,30
,Texash,251,141,106,,4,1,3,,4,3,1,,7,7,0,,244,132,108
,Virginia,7,4,3,,0,0,0,,0,0,0,,0,0,0,,7,4,3
West,,"1,007",638,329,,9,2,5,,6,5,1,,0,0,0,,"1,010",635,333
,Arizona,119,96,18,,1,0,0,,2,2,0,,0,0,0,,118,94,18
,"California/c, f",739,439,269,,7,2,4,,4,3,1,,0,0,0,,742,438,272
,Colorado,3,0,3,,0,0,0,,0,0,0,,0,0,0,,3,0,3
,Idaho,9,9,0,,0,0,0,,0,0,0,,0,0,0,,9,9,0
,Montana,2,2,0,,0,0,0,,0,0,0,,0,0,0,,2,2,0
,Nevada,82,49,31,,1,0,1,,0,0,0,,0,0,0,,83,49,32
,New Mexico,2,2,0,,0,0,0,,0,0,0,,0,0,0,,2,2,0
,Oregon/c,33,29,3,,0,0,0,,0,0,0,,0,0,0,,33,29,3
,Utah,9,7,1,,0,0,0,,0,0,0,,0,0,0,,9,7,1
,Washington,9,5,4,,0,0,0,,0,0,0,,0,0,0,,9,5,4
,Wyoming,0,0,0,,0,0,0,,0,0,0,,0,0,0,,0,0,0
"Note: Some figures shown for yearend 2015 are revised from those reported in Capital Punishment, 2014-2015 – Statistical Brief ",,,,,,,,,,,,,,,,,,,,
"(NCJ 250638, BJS web, May 2017). The revised figures include 5 inmates who were either reported late to the National Prisoner Statistics program or were not in custody of State correctional authorities on December 31, 2015 (1 each in Ohio, Mississippi, Oklahoma, California and Nevada), and exclude 14 inmates who were relieved of a death sentence before December 31, 2015 (3 each in Georgia and Texas; 2 in California; and 1 each in Missouri, MIssissippi, Oklahoma, South Carolina, Tennessee, and Nevada).",,,,,,,,,,,,,,,,,,,,
"a/Includes American Indians and Alaska Natives; Asians, Native Hawaiians, and Other Pacific Islanders; and persons of Hispanic/Latino origin for whom no other race was identified.",,,,,,,,,,,,,,,,,,,,
b/Counts of white and black inmates include persons of Hispanic/Latino origin.,,,,,,,,,,,,,,,,,,,,
c/The race reported for 5 inmates has been revised from Hispanic to white (2 each in Nebraska and California and 1 in Oregon). The Hispanic/Latino origin for these inmates remains unchanged.,,,,,,,,,,,,,,,,,,,,
d/Excludes persons held under Armed Forces jurisdiction with a military death sentence for murder. ,,,,,,,,,,,,,,,,,,,,
"e/The Connecticut Supreme Court upheld a previous ruling that extended the repeal of the capital statute to include 11 males under a previously imposed death sentence. These prisoners will be resentenced to life in prison without the possibility of parole (State v. Peeler, 321 CONN. 375 (2016)).",,,,,,,,,,,,,,,,,,,,
f/One inmate under sentence of death in Arkansas was erroneously reported as being under sentence of death in California in the 2014–2015 report.,,,,,,,,,,,,,,,,,,,,
g/One inmate who was previously in the custody of Florida is now being reported in Tennessee where he is under a separate sentence of death.,,,,,,,,,,,,,,,,,,,,
h/Two of the white prisoners executed were of Hispanic origin.,,,,,,,,,,,,,,,,,,,,
"Source: Bureau of Justice Statistics, National Prisoner Statistics program (NPS-8), 2016.",,,,,,,,,,,,,,,,,,,,
Bureau of Justice Statistics,,,,,,,,,,,,,,,,,,,,
Filename: cp16sbt03.csv,,,,,,,,,,,,,,,,,,,,
"Table 3. Prisoners removed from under sentence of death, by region, jurisdiction, and method of removal, 2016",,,,,,,,,,,,,,,,,,,,
"Report title: Capital Punishment, 2016 - Statistical Brief NCJ 251430",,,,,,,,,,,,,,,,,,,,
"Data source: National Prisoner Statistics program (NPS-8), 2016",,,,,,,,,,,,,,,,,,,,
"Authors: Elizabeth Davis and Tracy L. Snell, BJS Statisticians",,,,,,,,,,,,,,,,,,,,
Refer questions to: askbjs@usdoj.gov or (202) 307-0765,,,,,,,,,,,,,,,,,,,,
Date of version: 4/30/2018,,,,,,,,,,,,,,,,,,,,
,,,,,,,,,,,,,,,,,,,,
"Table 3. Prisoners removed from under sentence of death, by region, jurisdiction, and method of removal, 2016",,,,,,,,,,,,,,,,,,,,
,,,,,Appeals courts or higher courts overturned—,,,,,,,,,,,,,,,
Region and jurisdiction,,Total,Execution,Other death/a,Capital statute,Capital conviction/b,Death sentence,,,,,,,,,,,,,
U.S. total,,90,20,19,11,15,25,,,,,,,,,,,,,
,Federal,1,0,0,0,0,1,,,,,,,,,,,,,
,State,89,20,19,11,15,24,,,,,,,,,,,,,
Northeast,,19,0,0,11,3,5,,,,,,,,,,,,,
,Connecticut,11,0,0,11,0,0,,,,,,,,,,,,,
,Pennsylvania,8,0,0,0,3,5,,,,,,,,,,,,,
Midwest,,4,1,1,0,1,1,,,,,,,,,,,,,
,Kansas,1,0,1,0,0,0,,,,,,,,,,,,,
,Missouri,1,1,0,0,0,0,,,,,,,,,,,,,
,Ohio,2,0,0,0,1,1,,,,,,,,,,,,,
South,,60,19,14,0,10,17,,,,,,,,,,,,,
,Alabama,7,2,1,0,2,2,,,,,,,,,,,,,
,Arkansas,1,0,0,0,1,0,,,,,,,,,,,,,
,Delaware,1,0,0,0,1,0,,,,,,,,,,,,,
,Florida,10,1,2,0,3,4,,,,,,,,,,,,,
,Georgia,10,9,0,0,0,1,,,,,,,,,,,,,
,Louisiana,9,0,3,0,3,3,,,,,,,,,,,,,
,North Carolina,2,0,2,0,0,0,,,,,,,,,,,,,
,Oklahoma,2,0,1,0,0,1,,,,,,,,,,,,,
,South Carolina,3,0,0,0,0,3,,,,,,,,,,,,,
,Tennessee,4,0,3,0,0,1,,,,,,,,,,,,,
,Texas,11,7,2,0,0,2,,,,,,,,,,,,,
West,,6,0,4,0,1,1,,,,,,,,,,,,,
,Arizona,2,0,1,0,0,1,,,,,,,,,,,,,
,California,4,0,3,0,1,0,,,,,,,,,,,,,
"a/In 2016, all other deaths were due to natural causes.",,,,,,,,,,,,,,,,,,,,
b/Includes capital conviction and sentence.,,,,,,,,,,,,,,,,,,,,
"Source: Bureau of Justice Statistics, National Prisoner Statistics program (NPS-8), 2016.",,,,,,,,,,,,,,,,,,,,
Bureau of Justice Statistics,,,,,,,,,,,,,,,,,,,,
Filename: cp16sbt04.csv,,,,,,,,,,,,,,,,,,,,
"Table 4. Demographic characteristics for prisoners under sentence of death, 2016",,,,,,,,,,,,,,,,,,,,
"Report title: Capital Punishment, 2016 - Statistical Brief NCJ 251430",,,,,,,,,,,,,,,,,,,,
"Data source: National Prisoner Statistics program (NPS-8), 2016",,,,,,,,,,,,,,,,,,,,
"Authors: Elizabeth Davis and Tracy L. Snell, BJS Statisticians",,,,,,,,,,,,,,,,,,,,
Refer questions to: askbjs@usdoj.gov or (202) 307-0765,,,,,,,,,,,,,,,,,,,,
Date of version: 4/30/2018,,,,,,,,,,,,,,,,,,,,
,,,,,,,,,,,,,,,,,,,,
"Table 4. Demographic characteristics for prisoners under sentence of death, 2016",,,,,,,,,,,,,,,,,,,,
Demographic characteristic,,,,,,,,,,,,,,,,,,,,
Sex,,Total year-end,,Admissions,,Removals,,,,,,,,,,,,,,
,Male,98.2,%,96.9,%,96.7,%,,,,,,,,,,,,,
,Female,1.8,,3.1,,3.3,,,,,,,,,,,,,,
Race/a,,,,,,,,,,,,,,,,,,,,
,White,55.4,%,25,%,60,%,,,,,,,,,,,,,
,Black,42.3,,62.5,,36.7,,,,,,,,,,,,,,
,Other/b,2.3,,12.5,,3.3,,,,,,,,,,,,,,
Hispanic/Latino origin/c,,,,,,,,,,,,,,,,,,,,
,Hispanic/Latino,14.8,%,11.1,%,12.8,%,,,,,,,,,,,,,
,Non-Hispanic/Latino,85.2,,88.9,,87.2,,,,,,,,,,,,,,
Age,,,,,,,,,,,,,,,,,,,,
,18–19,--,,3.1,%,0,%,,,,,,,,,,,,,
,20–24,0.3,%,0,,0,,,,,,,,,,,,,,
,25–29,2.4,,12.5,,2.2,,,,,,,,,,,,,,
,30–34,5.9,,28.1,,3.3,,,,,,,,,,,,,,
,35–39,11.9,,25,,15.6,,,,,,,,,,,,,,
,40–44,15.7,,12.5,,15.6,,,,,,,,,,,,,,
,45–49,18.1,,9.4,,14.4,,,,,,,,,,,,,,
,50–54,15.9,,3.1,,10,,,,,,,,,,,,,,
,55–59,13.5,,3.1,,11.1,,,,,,,,,,,,,,
,60–64,8.3,,3.1,,10,,,,,,,,,,,,,,
,65 or older,8,,0,,17.8,,,,,,,,,,,,,,
Average age (years),,,,,,,,,,,,,,,,,,,,
,Mean,49,,38,,51,,,,,,,,,,,,,,
,Median,48,,38,,49,,,,,,,,,,,,,,
Educationd,,,,,,,,,,,,,,,,,,,,
,8th grade or less,12.2,%,15.8,%,26.3,%,,,,,,,,,,,,,
,9th–11th grade,34.9,,42.1,,25,,,,,,,,,,,,,,
,High school graduate/GED,43.8,,31.6,,43.4,,,,,,,,,,,,,,
,Any college,9,,10.5,,5.3,,,,,,,,,,,,,,
Median education level (grade),,12th,,11th,,11th,,,,,,,,,,,,,,
Marital status/e,,,,,,,,,,,,,,,,,,,,
,Married,21.1,%,10.5,%,19,%,,,,,,,,,,,,,
,Divorced/separated,19.6,,10.5,,26.6,,,,,,,,,,,,,,
,Widowed,3.5,,0,,2.5,,,,,,,,,,,,,,
,Never married,55.7,,78.9,,51.9,,,,,,,,,,,,,,
,Total,"2,814",,32,,90,,,,,,,,,,,,,,
Note: Detail may not sum to total due to rounding. See appendix table 8 for counts.,,,,,,,,,,,,,,,,,,,,
--Less than 0.05%.,,,,,,,,,,,,,,,,,,,,
"a/Percentages for white, black, and all other races include persons of Hispanic/Latino origin.",,,,,,,,,,,,,,,,,,,,
"b/At year-end 2016, prisoners of all other races consisted of 19 American Indians or Alaska Natives (AIANs), 40 Asians, and 6 Native Hawaiian or Other Pacific Islanders. During 2016, one AIAN prisoner and three Asian prisoners were admitted, while two AIAN prisoners and one Asian prisoner were removed.",,,,,,,,,,,,,,,,,,,,
"c/Excludes prisoners with unknown origin: 261 at year-end, 5 admissions, and 12 removals.",,,,,,,,,,,,,,,,,,,,
"d/Excludes prisoners with unknown education level: 569 at year-end, 13 admissions, and 14 removals.",,,,,,,,,,,,,,,,,,,,
"e/Excludes prisoners with unknown marital status: 379 at year-end, 13 admissions, and 11 removals.",,,,,,,,,,,,,,,,,,,,
"Source: Bureau of Justice Statistics, National Prisoner Statistics program (NPS-8), 2016.",,,,,,,,,,,,,,,,,,,,
